Wall time,Step,Value
1687184973.0182183,0,0.8328359723091125
1687185327.5164087,1,0.8968827724456787
1687185696.0137825,2,0.9166193008422852
1687186058.4387348,3,0.9203391075134277
1687186426.2166991,4,0.9222303032875061
1687186801.237018,5,0.9235739707946777
1687187198.9889388,6,0.9246187210083008
1687187584.822708,7,0.9255029559135437
1687187958.8372316,8,0.9261959791183472
1687188340.973393,9,0.9267687797546387
