Wall time,Step,Value
1687117661.4154346,0,0.7924323081970215
1687117991.5514264,1,0.8569315671920776
1687118349.4507291,2,0.887795627117157
1687118706.387826,3,0.9069665670394897
1687119058.5664065,4,0.9132314324378967
1687119409.3010218,5,0.9154641628265381
1687119772.5076413,6,0.9157523512840271
1687120165.0991921,7,0.9169444441795349
1687120550.303808,8,0.9173089861869812
1687120983.3567061,9,0.9176557064056396
1687121397.2179723,10,0.9181745648384094
1687121817.4521408,11,0.9188559055328369
1687122179.086682,12,0.9193411469459534
1687122549.2179003,13,0.9193441867828369
1687122962.2671604,14,0.9197563529014587
1687123375.7673674,15,0.92042475938797
1687123770.049544,16,0.9204792380332947
1687124169.6982393,17,0.9206094145774841
1687124579.180135,18,0.920856237411499
1687124994.3208404,19,0.920903742313385
1687125412.4006498,20,0.9213353991508484
1687125879.3011868,21,0.9212636351585388
1687126334.267095,22,0.9215986132621765
1687126737.3069224,23,0.9212501049041748
1687127134.308335,24,0.9219858646392822
1687127537.1735294,25,0.9216905236244202
1687127948.1269972,26,0.9222018122673035
1687128356.5877812,27,0.9221708178520203
1687128795.0979426,28,0.9226256608963013
1687129211.8505218,29,0.9226477146148682
1687129618.8104692,30,0.9225597381591797
1687130002.1467412,31,0.9226092100143433
1687130402.7862737,32,0.9229073524475098
1687130809.7783046,33,0.9230411052703857
1687131220.1722693,34,0.9232271909713745
1687131626.9957063,35,0.9231576323509216
1687132037.4119968,36,0.9232177734375
1687132452.2847064,37,0.9232637286186218
1687132878.316512,38,0.9232914447784424
1687133282.4990127,39,0.923410952091217
1687133666.7407787,40,0.923600971698761
1687134034.6296587,41,0.9236424565315247
1687134403.0863283,42,0.9238247275352478
