Wall time,Step,Value
1687155291.9885051,0,0.8495068550109863
1687155662.973424,1,0.9212296605110168
1687156030.601398,2,0.9288693070411682
1687156405.5514257,3,0.9319090247154236
1687156777.843267,4,0.9326637983322144
1687157145.6510036,5,0.9330859184265137
1687157518.5801387,6,0.9332219362258911
1687157887.8753018,7,0.9333606362342834
1687158264.4136236,8,0.9337654113769531
1687158644.4546938,9,0.9341284036636353
1687159014.7133875,10,0.9339308738708496
1687159384.591143,11,0.9338906407356262
1687159754.8411076,12,0.9345021843910217
1687160136.8379405,13,0.9348639249801636
1687160507.0359547,14,0.9348939061164856
1687160875.0045376,15,0.9348353147506714
