Wall time,Step,Value
1687166763.063319,0,0.8019040822982788
1687167125.3934789,1,0.8755370378494263
1687167500.1550663,2,0.9025954604148865
1687167892.0351698,3,0.908822774887085
1687168289.981038,4,0.9115599989891052
1687168665.2219317,5,0.9133512377738953
1687169147.9975483,6,0.9146369695663452
1687169628.2024937,7,0.9157294034957886
1687170078.7259464,8,0.9165841341018677
1687170546.735851,9,0.9173169136047363
1687171001.290216,10,0.9178760647773743
1687171443.3279948,11,0.9183998107910156
1687171914.6271992,12,0.9187891483306885
1687172359.0396283,13,0.9191582202911377
