Wall time,Step,Value
1686770118.1863003,0,0.8789873719215393
1686770127.8787048,1,0.9387651681900024
1686770137.6519067,2,0.9434596300125122
1686770147.509009,3,0.9447962045669556
1686770157.4857483,4,0.9446943998336792
1686770167.457872,5,0.9451339840888977
1686770177.5093691,6,0.9457350969314575
1686770187.6843355,7,0.945914089679718
1686770197.5058067,8,0.9472261667251587
1686770207.3341622,9,0.9460515975952148
1686770217.3517716,10,0.9460520148277283
1686770227.34285,11,0.9464712738990784
1686770237.4704154,12,0.9466993808746338
1686770247.6240728,13,0.9468944668769836
1686770257.47968,14,0.9467507004737854
1686770267.6420677,15,0.9473413228988647
1686770277.6137753,16,0.9475057125091553
1686770287.3493197,17,0.9473423957824707
1686770297.628696,18,0.9473905563354492
1686770307.5542407,19,0.9475117921829224
1686770317.3772645,20,0.9473639726638794
1686770327.4142501,21,0.9476935863494873
1686770337.1222684,22,0.9476328492164612
1686770346.9807699,23,0.9481874108314514
1686770357.1280043,24,0.9480205774307251
1686770367.031308,25,0.948974072933197
1686770376.9581947,26,0.9480710625648499
1686770386.9788034,27,0.9488567113876343
1686770396.7509053,28,0.9485529661178589
1686770406.7238722,29,0.9487061500549316
1686770416.6192925,30,0.9490817189216614
1686770426.4605584,31,0.9481766223907471
1686770436.5311654,32,0.9494335651397705
1686770446.6949599,33,0.9491682648658752
1686770456.5802681,34,0.9490974545478821
