Wall time,Step,Value
1686769386.4786386,0,0.8132302165031433
1686769402.0599475,1,0.8966886401176453
1686769427.1189954,2,0.9167171716690063
1686769463.3691723,3,0.9208756685256958
1686769490.2421122,4,0.9228424429893494
1686769513.3201485,5,0.9241169691085815
1686769536.6872573,6,0.9252951145172119
1686769559.8201392,7,0.9253743886947632
1686769584.269296,8,0.9258530139923096
1686769606.9304435,9,0.9268791079521179
1686769630.150673,10,0.9269260764122009
1686769654.3831701,11,0.9274622201919556
1686769678.308734,12,0.9277903437614441
1686769702.377872,13,0.9280307292938232
1686769725.715847,14,0.9282495379447937
1686769748.6844208,15,0.9282833337783813
1686769772.1977868,16,0.9287256598472595
1686769796.0744684,17,0.9289567470550537
1686769818.7258153,18,0.9286238551139832
1686769842.589046,19,0.92909175157547
1686769866.5458968,20,0.9295656681060791
1686769889.84817,21,0.9295366406440735
1686769913.0245855,22,0.9297490119934082
1686769936.623388,23,0.929638147354126
1686769960.1425786,24,0.9298655986785889
1686769983.9937577,25,0.9300734996795654
1686770007.089188,26,0.9303835034370422
1686770030.0075772,27,0.9303106069564819
1686770052.865953,28,0.9307507276535034
1686770076.4172451,29,0.9306101202964783
1686770098.8323545,30,0.930785059928894
