Wall time,Step,Value
1686768519.3704886,0,0.7965907454490662
1686768534.6523244,1,0.8663139939308167
1686768552.6763003,2,0.8915414214134216
1686768567.8563218,3,0.9020066261291504
1686768582.9640167,4,0.9073275923728943
1686768600.725967,5,0.9101468920707703
1686768617.7777152,6,0.9119583368301392
1686768633.8184054,7,0.9130406379699707
1686768649.3913853,8,0.9142755270004272
1686768664.6453054,9,0.9154894948005676
1686768679.0316532,10,0.9165555238723755
1686768693.9338107,11,0.917022168636322
1686768709.9676564,12,0.9179096221923828
1686768726.0332763,13,0.9182941317558289
1686768741.6878278,14,0.9186968207359314
1686768757.370131,15,0.9191968441009521
1686768773.059255,16,0.9194298982620239
1686768789.7278612,17,0.9198312759399414
1686768805.6361248,18,0.9202620983123779
1686768821.747534,19,0.9204186797142029
1686768837.8442495,20,0.920624852180481
1686768852.5722795,21,0.9209805130958557
1686768867.9166262,22,0.9214075207710266
1686768883.4129527,23,0.9212029576301575
1686768898.8475482,24,0.921692430973053
1686768913.4561057,25,0.9219499230384827
1686768928.8372064,26,0.9221606850624084
1686768943.8512228,27,0.922206699848175
1686768959.5944395,28,0.9226632118225098
1686768978.5695665,29,0.9223186373710632
1686768993.6391475,30,0.922710120677948
1686769008.9966786,31,0.9228885173797607
1686769024.1622164,32,0.9232485890388489
1686769039.9744573,33,0.9230878949165344
1686769055.4167912,34,0.9233030080795288
1686769073.7298365,35,0.9231288433074951
1686769090.004465,36,0.9236217737197876
1686769106.8566844,37,0.9235494136810303
1686769123.7515082,38,0.9238718152046204
1686769141.0335152,39,0.923888623714447
1686769158.753836,40,0.9236170053482056
1686769176.5486224,41,0.9237586855888367
1686769191.745497,42,0.9237589836120605
1686769204.9739459,43,0.9240656495094299
1686769218.5706801,44,0.9240931272506714
1686769231.8962247,45,0.9243967533111572
1686769245.2996633,46,0.9245091080665588
1686769258.2834916,47,0.9243975877761841
1686769271.4794528,48,0.9243729710578918
1686769284.907018,49,0.924277126789093
1686769298.1348598,50,0.9245139360427856
1686769311.6292267,51,0.9248679280281067
1686769324.8440497,52,0.9246859550476074
1686769338.211657,53,0.9247687458992004
1686769351.410343,54,0.924971342086792
1686769364.9076068,55,0.9249266386032104
